{
  "ols_r2_adj": 0.31017395299776807,
  "ols_params": {
    "const": -0.09880131026234826,
    "polarity": 0.048803099439811724,
    "vol_pre30": 6.122987583132535,
    "mkt_ret_fwd_w": 1.6136180883077018
  },
  "ols_pvalues": {
    "const": 0.22100612240092998,
    "polarity": 0.3753380145415369,
    "vol_pre30": 0.2767319953411794,
    "mkt_ret_fwd_w": 0.0034259827752751403
  },
  "quantile": {
    "0.25": {
      "params": {
        "const": -0.06973085016681546,
        "polarity": 0.026179636038561216,
        "vol_pre30": -0.38877392642704933,
        "mkt_ret_fwd_w": 1.8696610968351965
      }
    },
    "0.5": {
      "params": {
        "const": -0.16542448449913688,
        "polarity": 0.03661163947544699,
        "vol_pre30": 10.836160237225505,
        "mkt_ret_fwd_w": 1.6916253055843926
      }
    },
    "0.75": {
      "params": {
        "const": -0.08206853931269938,
        "polarity": -0.018380307466736856,
        "vol_pre30": 8.689716038240924,
        "mkt_ret_fwd_w": 0.6709737447214235
      }
    }
  },
  "logo_cv_r2_mean": -27.413663679862122,
  "spearman_rho_full": 0.5131623931623931,
  "n_entities": 16
}