{
  "ols_params": {
    "const": -0.18810327063907775,
    "polarity": 0.2634159646804911,
    "vol_pre30": 7.038635074010836,
    "mkt_ret_fwd_w": 1.4375435748549048
  },
  "ols_pvalues": {
    "const": 0.287434089965634,
    "polarity": 0.2513359959256416,
    "vol_pre30": 0.46826401357735614,
    "mkt_ret_fwd_w": 1.9847827274020716e-27
  },
  "ols_r2_adj": 0.9029336309250399,
  "cv_r2_mean": -0.020003561638529566,
  "cv_r2_all": [
    0.0,
    -0.04000712327705913
  ],
  "quantile": {
    "0.25": {
      "params": {
        "const": -0.222680288501711,
        "polarity": 0.170807543724254,
        "vol_pre30": 8.275596186696855,
        "mkt_ret_fwd_w": 1.4448876546709803
      },
      "pvalues": {
        "const": NaN,
        "polarity": NaN,
        "vol_pre30": NaN,
        "mkt_ret_fwd_w": NaN
      }
    },
    "0.5": {
      "params": {
        "const": -0.2081089785220276,
        "polarity": 0.19006163228086123,
        "vol_pre30": 7.705264230017789,
        "mkt_ret_fwd_w": 1.4500323466169713
      },
      "pvalues": {
        "const": 6.556698654616854e-30,
        "polarity": 8.696452043394947e-28,
        "vol_pre30": 3.009086492441759e-29,
        "mkt_ret_fwd_w": 1.182876819395935e-29
      }
    },
    "0.75": {
      "params": {
        "const": -0.11605746179252432,
        "polarity": 0.3116862534264142,
        "vol_pre30": 4.102300221324664,
        "mkt_ret_fwd_w": 1.4825423251434204
      },
      "pvalues": {
        "const": NaN,
        "polarity": NaN,
        "vol_pre30": NaN,
        "mkt_ret_fwd_w": NaN
      }
    }
  },
  "backend": "VADER",
  "entity_note": "ENTITY = CIK if present in prices else ticker",
  "min_paragraphs": 5,
  "n_entities": 4,
  "cv_folds_used": 2
}